tanggal,pasar manis,pasar wage
2017-05-01,40000.0,35000.0
2017-05-02,39000.0,33500.0
2017-05-03,35000.0,33500.0
2017-05-04,35000.0,33500.0
2017-05-05,35000.0,33500.0
2017-05-08,37500.0,33500.0
2017-05-09,37500.0,33500.0
2017-05-10,37500.0,37000.0
2017-05-11,37500.0,37000.0
2017-05-12,37500.0,37000.0
2017-05-15,35000.0,37000.0
2017-05-16,35000.0,36000.0
2017-05-17,34500.0,36000.0
2017-05-18,35000.0,36000.0
2017-05-19,35000.0,33500.0
2017-05-22,35000.0,32500.0
2017-05-23,35000.0,33500.0
2017-05-24,35000.0,33500.0
2017-05-25,35000.0,33500.0
2017-05-26,35000.0,33500.0
2017-05-29,31500.0,33500.0
2017-05-30,31500.0,33500.0
2017-05-31,35000.0,33500.0
2017-06-01,35000.0,33500.0
2017-06-02,35000.0,33500.0
2017-06-05,35000.0,33500.0
2017-06-06,35000.0,35500.0
2017-06-07,35000.0,35500.0
2017-06-08,35000.0,35500.0
2017-06-09,35000.0,35500.0
2017-06-12,40000.0,34500.0
2017-06-13,35000.0,34500.0
2017-06-14,35000.0,33500.0
2017-06-15,36500.0,33500.0
2017-06-16,36500.0,34500.0
2017-06-19,37500.0,37000.0
2017-06-20,37500.0,37000.0
2017-06-21,45000.0,38000.0
2017-06-22,45000.0,40000.0
2017-06-23,45000.0,41617.78531455268
2017-06-26,40408.762726022986,42998.78277140225
2017-06-27,40286.18881847883,42640.2160471908
2017-06-28,40361.690300634335,42041.476527619445
2017-06-29,40529.25778514931,41304.130298420656
2017-06-30,40682.88188468354,40529.74344532685
2017-07-03,40000.0,39000.0
2017-07-04,40000.0,39000.0
2017-07-05,42500.0,39000.0
2017-07-06,42500.0,39000.0
2017-07-07,42500.0,39000.0
2017-07-10,40000.0,37500.0
2017-07-11,40000.0,37500.0
2017-07-12,40000.0,37500.0
2017-07-13,40000.0,37000.0
2017-07-14,37500.0,37000.0
2017-07-17,37500.0,37000.0
2017-07-18,37500.0,37000.0
2017-07-19,37500.0,37500.0
2017-07-20,37500.0,35000.0
2017-07-21,37500.0,34500.0
2017-07-24,35000.0,34500.0
2017-07-25,35000.0,34500.0
2017-07-26,35000.0,33500.0
2017-07-27,32500.0,33500.0
2017-07-28,32500.0,31000.0
2017-07-31,32500.0,31000.0
2017-08-01,32500.0,30000.0
2017-08-02,32500.0,30000.0
2017-08-03,32500.0,30000.0
2017-08-04,32500.0,29000.0
2017-08-07,31000.0,29000.0
2017-08-08,31000.0,29000.0
2017-08-09,31000.0,29000.0
2017-08-10,31000.0,29000.0
2017-08-11,31000.0,28000.0
2017-08-14,30000.0,28000.0
2017-08-15,30000.0,28000.0
2017-08-16,30000.0,27500.0
2017-08-17,30000.0,27500.0
2017-08-18,30000.0,27500.0
2017-08-21,30000.0,27500.0
2017-08-22,27500.0,27000.0
2017-08-23,26500.0,27000.0
2017-08-24,26500.0,27000.0
2017-08-25,26500.0,27000.0
2017-08-28,26500.0,24500.0
2017-08-29,26500.0,24500.0
2017-08-30,26500.0,24500.0
2017-08-31,26500.0,24500.0
2017-09-01,26500.039239538237,24461.228390486605
2017-09-04,26500.0,24500.0
2017-09-05,26500.0,24500.0
2017-09-06,26500.0,24500.0
2017-09-07,26500.0,26500.0
2017-09-08,26500.0,24500.0
2017-09-11,26500.0,25500.0
2017-09-12,26500.0,25500.0
2017-09-13,25000.0,25500.0
2017-09-14,25000.0,24500.0
2017-09-15,25000.0,24500.0
2017-09-18,25000.0,25500.0
2017-09-19,24500.0,25000.0
2017-09-20,25000.0,25000.0
2017-09-21,25000.0,25000.0
2017-09-22,25000.0,24500.0
2017-09-25,25000.0,24500.0
2017-09-26,25000.0,24500.0
2017-09-27,25000.0,24500.0
2017-09-28,24500.0,24500.0
2017-09-29,24500.0,24500.0
2017-10-02,25000.0,22500.0
2017-10-03,25000.0,22500.0
2017-10-04,24000.0,22500.0
2017-10-05,24000.0,22500.0
2017-10-06,21500.0,22500.0
2017-10-09,21500.0,22500.0
2017-10-10,21500.0,22500.0
2017-10-11,23000.0,22500.0
2017-10-12,23000.0,22500.0
2017-10-13,23000.0,22500.0
2017-10-16,23000.0,23500.0
2017-10-17,23000.0,23500.0
2017-10-18,23000.0,23500.0
2017-10-19,24000.0,23500.0
2017-10-20,25000.0,23500.0
2017-10-23,26000.0,23500.0
2017-10-24,24000.0,23500.0
2017-10-25,24000.0,23500.0
2017-10-26,24000.0,23500.0
2017-10-27,24000.0,23500.0
2017-10-30,24500.0,23500.0
2017-10-31,28000.0,23500.0
2017-11-01,28000.0,23500.0
2017-11-02,28000.0,26000.0
2017-11-03,28000.0,27000.0
2017-11-06,30000.0,27000.0
2017-11-07,30000.0,27000.0
2017-11-08,30000.0,27000.0
2017-11-09,30000.0,27000.0
2017-11-10,30000.0,27000.0
2017-11-13,30000.0,27000.0
2017-11-14,30000.0,26000.0
2017-11-15,30000.0,26000.0
2017-11-16,30000.0,26000.0
2017-11-17,29000.0,26000.0
2017-11-20,30000.0,27000.0
2017-11-21,26500.0,27000.0
2017-11-22,29000.0,27000.0
2017-11-23,29000.0,27000.0
2017-11-24,29000.0,27000.0
2017-11-27,30000.0,27000.0
2017-11-28,29000.0,27000.0
2017-11-29,29000.0,27000.0
2017-11-30,29000.0,27000.0
2017-12-01,29000.0,27000.0
2017-12-04,30000.0,27000.0
2017-12-05,26500.0,27000.0
2017-12-06,26000.0,27000.0
2017-12-07,26000.0,27000.0
2017-12-08,26000.0,27000.0
2017-12-11,26000.0,25500.0
2017-12-12,26000.0,25500.0
2017-12-13,26000.0,25500.0
2017-12-14,26000.0,24500.0
2017-12-15,26000.0,24500.0
2017-12-18,26500.0,24500.0
2017-12-19,26500.0,23500.0
2017-12-20,26000.0,23500.0
2017-12-21,26000.0,23500.0
2017-12-22,26000.0,23500.0
2017-12-25,27500.0,23500.0
2017-12-26,27500.0,23500.0
2017-12-27,25500.0,23500.0
2017-12-28,26000.0,23500.0
2017-12-29,26000.0,23500.0
2018-01-01,26500.0,23500.0
2018-01-02,26500.0,23500.0
2018-01-03,24500.0,23500.0
2018-01-04,24500.0,23500.0
2018-01-05,24500.0,23500.0
2018-01-08,24000.0,23500.0
2018-01-09,24000.0,24000.0
2018-01-10,24000.0,22500.0
2018-01-11,24000.0,22500.0
2018-01-12,24000.0,22500.0
2018-01-15,24000.0,22500.0
2018-01-16,24000.0,22500.0
2018-01-17,24000.0,22500.0
2018-01-18,24000.0,22500.0
2018-01-19,24000.0,22500.0
2018-01-22,22000.0,22500.0
2018-01-23,22000.0,22500.0
2018-01-24,22000.0,22500.0
2018-01-25,22000.0,22500.0
2018-01-26,22000.0,22500.0
2018-01-29,22000.0,22500.0
2018-01-30,24000.0,22500.0
2018-01-31,24000.0,22500.0
2018-02-01,24000.0,23500.0
2018-02-02,23000.0,23500.0
2018-02-05,23500.0,26000.0
2018-02-06,24500.0,26000.0
2018-02-07,24500.0,26000.0
2018-02-08,24500.0,25000.0
2018-02-09,25000.0,25000.0
2018-02-12,28000.0,27000.0
2018-02-13,28000.0,27000.0
2018-02-14,27000.0,27000.0
2018-02-15,28000.0,27000.0
2018-02-16,28000.0,27000.0
2018-02-19,30000.0,27000.0
2018-02-20,31000.0,27000.0
2018-02-21,31000.0,27000.0
2018-02-22,31000.0,27000.0
2018-02-23,31000.0,27000.0
2018-02-26,30000.0,27000.0
2018-02-27,30000.0,27000.0
2018-02-28,30000.0,27000.0
2018-03-01,29000.0,27000.0
2018-03-02,30000.0,28000.0
2018-03-05,30000.0,27000.0
2018-03-06,30000.0,29000.0
2018-03-07,32500.0,27000.0
2018-03-08,31000.0,29000.0
2018-03-09,31000.0,29000.0
2018-03-12,35000.0,29000.0
2018-03-13,35000.0,31000.0
2018-03-14,35000.0,31000.0
2018-03-15,35000.0,31000.0
2018-03-16,35000.0,31000.0
2018-03-19,33500.0,31000.0
2018-03-20,33500.0,31000.0
2018-03-21,35000.0,31000.0
2018-03-22,35000.0,31000.0
2018-03-23,35000.0,30000.0
2018-03-26,35000.0,32000.0
2018-03-27,35000.0,32000.0
2018-03-28,35000.0,30000.0
2018-03-29,35000.0,30000.0
2018-03-30,35000.0,32000.0
2018-04-02,33500.0,32000.0
2018-04-03,33500.0,32000.0
2018-04-04,35000.0,35000.0
2018-04-05,35000.0,32000.0
2018-04-06,37500.0,32000.0
2018-04-09,40000.0,33500.0
2018-04-10,33500.0,33500.0
2018-04-11,40000.0,34500.0
2018-04-12,40000.0,34500.0
2018-04-13,40000.0,34500.0
2018-04-16,35000.0,33500.0
2018-04-17,35000.0,33500.0
2018-04-18,35000.0,33500.0
2018-04-19,35000.0,33500.0
2018-04-20,35000.0,33500.0
2018-04-23,35000.0,33500.0
2018-04-24,35000.0,33500.0
2018-04-25,35000.0,33500.0
2018-04-26,35000.0,34500.0
2018-04-27,35000.0,34500.0
2018-04-30,37500.0,33500.0
2018-05-01,37500.0,33500.0
2018-05-02,40000.0,33500.0
2018-05-03,35000.0,33500.0
2018-05-04,35000.0,34500.0
2018-05-07,32500.0,34500.0
2018-05-08,37500.0,35500.0
2018-05-09,37500.0,31500.0
2018-05-10,40000.0,31500.0
2018-05-11,40000.0,34500.0
2018-05-14,35000.0,34500.0
2018-05-15,37500.0,34500.0
2018-05-16,40000.0,34500.0
2018-05-17,40000.0,34500.0
2018-05-18,40000.0,34500.0
2018-05-21,38000.0,34500.0
2018-05-22,38000.0,34500.0
2018-05-23,38000.0,37000.0
2018-05-24,38000.0,37000.0
2018-05-25,40000.0,37000.0
2018-05-28,40000.0,36000.0
2018-05-29,40000.0,36000.0
2018-05-30,40000.0,36000.0
2018-05-31,40000.0,36500.0
2018-06-01,40986.867343362304,36450.93561638425
2018-06-04,40000.0,36000.0
2018-06-05,36000.0,37000.0
2018-06-06,36000.0,37000.0
2018-06-07,37500.0,37000.0
2018-06-08,40000.0,37000.0
2018-06-11,40000.0,38000.0
2018-06-12,40000.0,38000.0
2018-06-13,40000.0,38000.0
2018-06-14,39648.18169498454,36931.95488080856
2018-06-15,39043.36977083072,35198.872794310766
2018-06-18,37500.0,35000.0
2018-06-19,37500.0,38000.0
2018-06-20,37500.0,38000.0
2018-06-21,38000.0,38000.0
2018-06-22,38000.0,37000.0
2018-06-25,37500.0,37000.0
2018-06-26,37500.0,34500.0
2018-06-27,38039.991040424175,33930.944048022524
2018-06-28,37500.0,34500.0
2018-06-29,35000.0,34500.0
2018-07-02,34500.0,34500.0
2018-07-03,34500.0,34500.0
2018-07-04,33000.0,32500.0
2018-07-05,33000.0,32500.0
2018-07-06,33000.0,32500.0
2018-07-09,30000.0,32500.0
2018-07-10,30000.0,36500.0
2018-07-11,31000.0,36500.0
2018-07-12,31000.0,31500.0
2018-07-13,31000.0,31500.0
2018-07-16,29000.0,29500.0
2018-07-17,30000.0,28000.0
2018-07-18,30000.0,28000.0
2018-07-19,29000.0,27000.0
2018-07-20,28000.0,27000.0
2018-07-23,28000.0,27000.0
2018-07-24,29000.0,27000.0
2018-07-25,28000.0,27000.0
2018-07-26,28000.0,27000.0
2018-07-27,28000.0,27000.0
2018-07-30,29000.0,29000.0
2018-07-31,30000.0,29000.0
2018-08-01,30000.0,29000.0
2018-08-02,30000.0,29000.0
2018-08-03,30000.0,29000.0
2018-08-06,28000.0,29000.0
2018-08-07,28000.0,29000.0
2018-08-08,29000.0,29000.0
2018-08-09,29000.0,29000.0
2018-08-10,29000.0,29000.0
2018-08-13,29000.0,27000.0
2018-08-14,29000.0,27000.0
2018-08-15,30000.0,28000.0
2018-08-16,30000.0,28000.0
2018-08-17,30000.0,28000.0
2018-08-20,29000.0,28000.0
2018-08-21,29000.0,28000.0
2018-08-22,29000.0,28000.0
2018-08-23,28000.0,28000.0
2018-08-24,28000.0,28000.0
2018-08-27,28000.0,27000.0
2018-08-28,28000.0,27000.0
2018-08-29,28000.0,27000.0
2018-08-30,28000.0,27000.0
2018-08-31,28000.0,27000.0
2018-09-03,28000.0,27000.0
2018-09-04,28000.0,24500.0
2018-09-05,28000.0,24500.0
2018-09-06,28000.0,24500.0
2018-09-07,26500.0,24500.0
2018-09-10,26500.0,23500.0
2018-09-11,26500.0,23500.0
2018-09-12,25500.0,23500.0
2018-09-13,25500.0,23500.0
2018-09-14,25500.0,23500.0
2018-09-17,25500.0,23500.0
2018-09-18,26500.0,23500.0
2018-09-19,26500.0,23500.0
2018-09-20,25500.0,22500.0
2018-09-21,25500.0,22500.0
2018-09-24,24000.0,22500.0
2018-09-25,24000.0,22500.0
2018-09-26,22000.0,22500.0
2018-09-27,22000.0,22500.0
2018-09-28,22000.0,22500.0
2018-10-01,21000.0,22500.0
2018-10-02,21000.0,22500.0
2018-10-03,21000.0,22500.0
2018-10-04,21000.0,22500.0
2018-10-05,21000.0,22500.0
2018-10-08,21000.0,22500.0
2018-10-09,23000.0,22500.0
2018-10-10,23000.0,22500.0
2018-10-11,22000.0,22500.0
2018-10-12,22000.0,22500.0
2018-10-15,25000.0,23500.0
2018-10-16,25000.0,23500.0
2018-10-17,24000.0,23500.0
2018-10-18,24000.0,23500.0
2018-10-19,24000.0,23500.0
2018-10-22,25000.0,27000.0
2018-10-23,25000.0,27000.0
2018-10-24,25000.0,27000.0
2018-10-25,25000.0,28000.0
2018-10-26,25000.0,28000.0
2018-10-29,24000.0,27000.0
2018-10-30,24000.0,27000.0
2018-10-31,24000.0,27000.0
2018-11-01,24000.0,27000.0
2018-11-02,26000.0,28000.0
2018-11-05,27000.0,27000.0
2018-11-06,27000.0,27000.0
2018-11-07,27000.0,27000.0
2018-11-08,27000.0,27000.0
2018-11-09,27000.0,27500.0
2018-11-12,28000.0,28000.0
2018-11-13,28000.0,28000.0
2018-11-14,28000.0,28000.0
2018-11-15,30000.0,28000.0
2018-11-16,30000.0,29000.0
2018-11-19,30000.0,28000.0
2018-11-20,30000.0,28000.0
2018-11-21,30000.0,28000.0
2018-11-22,30000.0,28000.0
2018-11-23,30000.0,29000.0
2018-11-26,30000.0,28000.0
2018-11-27,30000.0,28000.0
2018-11-28,30000.0,28000.0
2018-11-29,30000.0,29000.0
2018-11-30,30000.0,29000.0
2018-12-03,30000.0,29000.0
2018-12-04,30000.0,29000.0
2018-12-05,33500.0,29000.0
2018-12-06,33500.0,29000.0
2018-12-07,31000.0,29000.0
2018-12-10,32000.0,29000.0
2018-12-11,32000.0,29000.0
2018-12-12,32000.0,29000.0
2018-12-13,32000.0,29000.0
2018-12-14,32000.0,29000.0
2018-12-17,32000.0,29000.0
2018-12-18,32000.0,29000.0
2018-12-19,32000.0,29000.0
2018-12-20,32000.0,29000.0
2018-12-21,32000.0,29000.0
2018-12-24,32000.0,29000.0
2018-12-25,32000.0,29000.0
2018-12-26,32000.0,29000.0
2018-12-27,32000.0,29000.0
2018-12-28,32000.0,30000.0
2018-12-31,32000.0,31000.0
2019-01-01,35000.0,36000.0
2019-01-02,35000.0,37000.0
2019-01-03,35000.0,37000.0
2019-01-04,35500.0,37000.0
2019-01-07,35500.0,37000.0
2019-01-08,35500.0,37000.0
2019-01-09,35500.0,33500.0
2019-01-10,37500.0,33500.0
2019-01-11,37500.0,33500.0
2019-01-14,35000.0,33500.0
2019-01-15,35000.0,32500.0
2019-01-16,35000.0,32500.0
2019-01-17,33500.0,32500.0
2019-01-18,33500.0,32500.0
2019-01-21,31000.0,29000.0
2019-01-22,31000.0,29000.0
2019-01-23,31000.0,29000.0
2019-01-24,31000.0,29000.0
2019-01-25,30000.0,29000.0
2019-01-28,29000.0,29000.0
2019-01-29,29000.0,29000.0
2019-01-30,27500.0,24500.0
2019-01-31,26500.0,24500.0
2019-02-01,25500.0,24500.0
2019-02-04,24500.0,24500.0
2019-02-05,24500.0,24500.0
2019-02-06,26500.0,24500.0
2019-02-07,26000.0,24500.0
2019-02-08,26000.0,24500.0
2019-02-11,26500.0,24500.0
2019-02-12,26500.0,24500.0
2019-02-13,30000.0,24500.0
2019-02-14,27500.0,24500.0
2019-02-15,27500.0,24500.0
2019-02-18,29000.0,24500.0
2019-02-19,29000.0,24500.0
2019-02-20,30000.0,24500.0
2019-02-21,30000.0,24500.0
2019-02-22,30000.0,24500.0
2019-02-25,30000.0,24500.0
2019-02-26,30000.0,24500.0
2019-02-27,30000.0,26500.0
2019-02-28,30000.0,26500.0
2019-03-01,30000.0,26500.0
2019-03-04,31000.0,26500.0
2019-03-05,31000.0,26500.0
2019-03-06,35000.0,26500.0
2019-03-07,35831.705226946746,27066.6844153115
2019-03-08,35000.0,28500.0
2019-03-11,40000.0,34500.0
2019-03-12,40000.0,34500.0
2019-03-13,40000.0,34500.0
2019-03-14,40000.0,34500.0
2019-03-15,40000.0,34500.0
2019-03-18,40000.0,34500.0
2019-03-19,40000.0,34500.0
2019-03-20,40000.0,34500.0
2019-03-21,40000.0,34500.0
2019-03-22,40000.0,34500.0
2019-03-25,40000.0,34500.0
2019-03-26,41000.0,34500.0
2019-03-27,40000.0,34500.0
2019-03-28,40000.0,39000.0
2019-03-29,47500.0,39000.0
2019-04-01,48000.0,41000.0
2019-04-02,48000.0,41000.0
2019-04-03,48095.41046679898,40081.85860594813
2019-04-04,48000.0,41000.0
2019-04-05,48000.0,45000.0
2019-04-08,48000.0,45000.0
2019-04-09,48000.0,45000.0
2019-04-10,48000.0,45000.0
2019-04-11,48000.0,45000.0
2019-04-12,48000.0,45000.0
2019-04-15,48000.0,45000.0
2019-04-16,48000.0,45000.0
2019-04-17,48006.43900275734,44999.87279569963
2019-04-18,48000.0,45000.0
2019-04-19,47965.05225101278,45000.0
2019-04-22,48000.0,45000.0
2019-04-23,48000.0,45000.0
2019-04-24,47500.0,45000.0
2019-04-25,47500.0,45000.0
2019-04-26,48000.0,45000.0
2019-04-29,43500.0,44000.0
2019-04-30,43500.0,37500.0
2019-05-01,43507.85487654725,36090.36443509563
2019-05-02,43500.0,37500.0
2019-05-03,43500.0,37500.0
2019-05-06,39000.0,37500.0
2019-05-07,39000.0,37500.0
2019-05-08,39000.0,37500.0
2019-05-09,37500.0,37000.0
2019-05-10,37500.0,37000.0
2019-05-13,37500.0,37000.0
2019-05-14,37500.0,37000.0
2019-05-15,36500.0,36000.0
2019-05-16,36500.0,36000.0
2019-05-17,36500.0,36000.0
2019-05-20,36500.0,36000.0
2019-05-21,36500.0,36000.0
2019-05-22,36500.0,33500.0
2019-05-23,35500.0,33500.0
2019-05-24,35500.0,33500.0
2019-05-27,37500.0,33500.0
2019-05-28,37500.0,33500.0
2019-05-29,37500.0,33500.0
2019-05-30,37353.22370343502,33333.26098923692
2019-05-31,37500.0,33500.0
2019-06-03,40000.0,36500.0
2019-06-04,40000.0,36500.0
2019-06-05,41451.04611553377,36630.24188241684
2019-06-06,44054.75902463713,37049.6732043115
2019-06-07,46761.32479747277,37627.32932135056
2019-06-10,45000.0,39000.0
2019-06-11,40000.0,39000.0
2019-06-12,40000.0,39000.0
2019-06-13,40000.0,39000.0
2019-06-14,40000.0,39000.0
2019-06-17,40000.0,39000.0
2019-06-18,40000.0,39000.0
2019-06-19,40000.0,39000.0
2019-06-20,40000.0,39000.0
2019-06-21,39000.0,39000.0
2019-06-24,39000.0,38000.0
2019-06-25,39000.0,38000.0
2019-06-26,39000.0,38000.0
2019-06-27,39000.0,38000.0
2019-06-28,41500.0,45000.0
2019-07-01,35500.0,40000.0
2019-07-02,35500.0,40000.0
2019-07-03,35500.0,40000.0
2019-07-04,35500.0,40000.0
2019-07-05,35000.0,40000.0
2019-07-08,35000.0,37000.0
2019-07-09,34500.0,37000.0
2019-07-10,34500.0,37000.0
2019-07-11,34500.0,37000.0
2019-07-12,34500.0,37000.0
2019-07-15,34500.0,36000.0
2019-07-16,34500.0,36000.0
2019-07-17,34500.0,33500.0
2019-07-18,35500.0,33500.0
2019-07-19,35500.0,33500.0
2019-07-22,35500.0,32500.0
2019-07-23,35000.0,32500.0
2019-07-24,32500.0,32500.0
2019-07-25,32500.0,32500.0
2019-07-26,32500.0,32500.0
2019-07-29,31000.0,31500.0
2019-07-30,31000.0,31500.0
2019-07-31,31000.0,31500.0
2019-08-01,31000.0,31500.0
2019-08-02,31000.0,31500.0
2019-08-05,31000.0,31500.0
2019-08-06,31000.0,31500.0
2019-08-07,31000.0,31500.0
2019-08-08,31000.0,31500.0
2019-08-09,31000.0,31500.0
2019-08-12,31000.0,31500.0
2019-08-13,31000.0,31500.0
2019-08-14,31000.0,31500.0
2019-08-15,31000.0,31500.0
2019-08-16,31000.0,31500.0
2019-08-19,31000.0,30500.0
2019-08-20,31000.0,30500.0
2019-08-21,31000.0,29500.0
2019-08-22,31000.0,29500.0
2019-08-23,26500.0,29500.0
2019-08-26,26500.0,26000.0
2019-08-27,24500.0,26000.0
2019-08-28,24500.0,26000.0
2019-08-29,22500.0,26000.0
2019-08-30,22500.0,26000.0
2019-09-02,23500.0,26000.0
2019-09-03,23500.0,26000.0
2019-09-04,23500.0,26000.0
2019-09-05,23500.0,21000.0
2019-09-06,23500.0,21000.0
2019-09-09,21000.0,21000.0
2019-09-10,21000.0,20000.0
2019-09-11,21000.0,20000.0
2019-09-12,21000.0,20000.0
2019-09-13,21000.0,20000.0
2019-09-16,21000.0,20000.0
2019-09-17,21000.0,20000.0
2019-09-18,21000.0,20000.0
2019-09-19,21000.0,20000.0
2019-09-20,21000.0,20000.0
2019-09-23,21000.0,20000.0
2019-09-24,21000.0,20000.0
2019-09-25,21000.0,20000.0
2019-09-26,21000.0,20000.0
2019-09-27,21000.0,20000.0
2019-09-30,21000.0,20000.0
2019-10-01,19000.0,20000.0
2019-10-02,19000.0,20000.0
2019-10-03,19000.0,20000.0
2019-10-04,19000.0,20000.0
2019-10-07,18000.0,20000.0
2019-10-08,18000.0,20000.0
2019-10-09,22000.0,20000.0
2019-10-10,25000.0,24500.0
2019-10-11,25000.0,24500.0
2019-10-14,25000.0,29000.0
2019-10-15,25000.0,29000.0
2019-10-16,25000.0,29000.0
2019-10-17,25000.0,29000.0
2019-10-18,25000.0,29000.0
2019-10-21,30000.0,29000.0
2019-10-22,30000.0,29000.0
2019-10-23,30000.0,29000.0
2019-10-24,30000.0,29000.0
2019-10-25,30000.0,29000.0
2019-10-28,30000.0,29000.0
2019-10-29,30000.0,29000.0
2019-10-30,28000.0,29000.0
2019-10-31,28000.0,29000.0
2019-11-01,28000.0,29000.0
2019-11-04,28000.0,31000.0
2019-11-05,29000.0,31000.0
2019-11-06,30000.0,31000.0
2019-11-07,30000.0,31000.0
2019-11-08,30000.0,31000.0
2019-11-11,32500.0,33500.0
2019-11-12,33500.0,33500.0
2019-11-13,33500.0,33500.0
2019-11-14,33500.0,33500.0
2019-11-15,33500.0,33500.0
2019-11-18,33500.0,33500.0
2019-11-19,33500.0,33500.0
2019-11-20,33500.0,33500.0
2019-11-21,33500.0,33500.0
2019-11-22,33500.0,33500.0
2019-11-25,35000.0,33500.0
2019-11-26,35000.0,33500.0
2019-11-27,35000.0,33500.0
2019-11-28,35000.0,33500.0
2019-11-29,35000.0,33500.0
2019-12-02,33500.0,33500.0
2019-12-03,33500.0,35500.0
2019-12-04,33500.0,35500.0
2019-12-05,37000.0,35500.0
2019-12-06,37000.0,35500.0
2019-12-09,37000.0,35500.0
2019-12-10,39000.0,35500.0
2019-12-11,39000.0,35500.0
2019-12-12,40000.0,35500.0
2019-12-13,40000.0,38000.0
2019-12-16,40000.0,38000.0
2019-12-17,40000.0,38000.0
2019-12-18,40000.0,38000.0
2019-12-19,45000.0,38000.0
2019-12-20,45000.0,38000.0
2019-12-23,49000.0,49000.0
2019-12-24,49000.0,49000.0
2019-12-25,46446.69092674937,48831.81523510305
2019-12-26,44000.0,49000.0
2019-12-27,44000.0,49000.0
2019-12-30,45000.0,47000.0
2019-12-31,45000.0,47000.0
2020-01-01,46075.41435729289,46963.520860570294
2020-01-02,45000.0,47000.0
2020-01-03,40000.0,47000.0
2020-01-06,39000.0,42000.0
2020-01-07,39000.0,42000.0
2020-01-08,39000.0,42000.0
2020-01-09,39000.0,39000.0
2020-01-10,39165.02889808529,39000.0
2020-01-13,40000.0,39000.0
2020-01-14,40000.0,39000.0
2020-01-15,40000.0,39000.0
2020-01-16,40000.0,39000.0
2020-01-17,37500.0,39000.0
2020-01-20,40000.0,39000.0
2020-01-21,40000.0,39000.0
2020-01-22,40000.0,38000.0
2020-01-23,40000.0,38000.0
2020-01-24,40000.0,38000.0
2020-01-27,40000.0,38000.0
2020-01-28,40000.0,38000.0
2020-01-29,40000.0,38000.0
2020-01-30,40000.0,38000.0
2020-01-31,40000.0,38000.0
2020-02-03,39000.0,37000.0
2020-02-04,39000.0,37000.0
2020-02-05,39000.0,37000.0
2020-02-06,39000.0,37000.0
2020-02-07,39000.0,37000.0
2020-02-10,37500.0,36000.0
2020-02-11,35000.0,36000.0
2020-02-12,35000.0,36000.0
2020-02-13,35000.0,36000.0
2020-02-14,35000.0,36000.0
2020-02-17,36500.0,36000.0
2020-02-18,35000.0,36000.0
2020-02-19,35000.0,36000.0
2020-02-20,35000.0,36000.0
2020-02-21,34942.26547246101,36000.0
2020-02-24,35000.0,35000.0
2020-02-25,35000.0,36000.0
2020-02-26,35000.0,36000.0
2020-02-27,35000.0,36000.0
2020-02-28,35000.0,36000.0
2020-03-02,35000.0,36000.0
2020-03-03,35000.0,36000.0
2020-03-04,35000.0,36000.0
2020-03-05,40000.0,36000.0
2020-03-06,40000.0,38000.0
2020-03-09,40000.0,38000.0
2020-03-10,40000.0,38000.0
2020-03-11,40000.0,38000.0
2020-03-12,42500.0,38000.0
2020-03-13,42500.0,38000.0
2020-03-16,42500.0,38000.0
2020-03-17,40000.0,38000.0
2020-03-18,40000.0,40000.0
2020-03-19,40000.0,40000.0
2020-03-20,40000.0,40000.0
2020-03-23,47500.0,40000.0
2020-03-24,47500.0,40000.0
2020-03-25,49644.938895869454,44500.0
2020-03-26,52500.0,44500.0
2020-03-27,54000.0,44500.0
2020-03-30,54000.0,42500.0
2020-03-31,50000.0,42500.0
2020-04-01,54000.0,42500.0
2020-04-02,54000.0,47500.0
2020-04-03,54000.0,47500.0
2020-04-06,54000.0,49000.0
2020-04-07,54000.0,49000.0
2020-04-08,54000.0,49000.0
2020-04-09,51500.0,47500.0
2020-04-10,49842.865113153544,46916.71089110552
2020-04-13,51500.0,49000.0
2020-04-14,52500.0,49000.0
2020-04-15,52500.0,49000.0
2020-04-16,50000.0,48000.0
2020-04-17,50000.0,48000.0
2020-04-20,50000.0,48000.0
2020-04-21,50000.0,48000.0
2020-04-22,50000.0,48000.0
2020-04-23,50000.0,48000.0
2020-04-24,50000.0,48000.0
2020-04-27,50000.0,48000.0
2020-04-28,50000.0,49000.0
2020-04-29,50000.0,49000.0
2020-04-30,50000.0,54000.0
2020-05-01,50275.46232300758,56945.70349749018
2020-05-04,50000.0,54000.0
2020-05-05,50000.0,54000.0
2020-05-06,55000.0,54000.0
2020-05-07,58631.42176332977,53787.56149029976
2020-05-08,60000.0,54000.0
2020-05-11,60000.0,57500.0
2020-05-12,60000.0,57500.0
2020-05-13,60000.0,57500.0
2020-05-14,60000.0,57500.0
2020-05-15,60000.0,57500.0
2020-05-18,60000.0,55000.0
2020-05-19,60000.0,55000.0
2020-05-20,60000.0,57500.0
2020-05-21,60000.00732192286,59313.728489800495
2020-05-22,60000.00760961929,59831.19370788286
2020-05-25,59999.99705827962,57886.79880030568
2020-05-26,60000.0,57500.0
2020-05-27,60000.0,59000.0
2020-05-28,60000.0,64000.0
2020-05-29,60000.0,64000.0
2020-06-01,59998.77841315117,64149.65155075266
2020-06-02,60000.0,61000.0
2020-06-03,60000.0,56000.0
2020-06-04,60000.0,56000.0
2020-06-05,60000.0,56000.0
2020-06-08,60000.0,54000.0
2020-06-09,60000.0,54000.0
2020-06-10,58000.0,56000.0
2020-06-11,58000.0,56000.0
2020-06-12,58000.0,56000.0
2020-06-15,58000.0,54000.0
2020-06-16,58000.0,54000.0
2020-06-17,51000.0,54000.0
2020-06-18,50000.0,54000.0
2020-06-19,50000.0,54000.0
2020-06-22,50000.0,52000.0
2020-06-23,50000.0,52000.0
2020-06-24,52500.0,52500.0
2020-06-25,52500.0,52500.0
2020-06-26,52500.0,52500.0
2020-06-29,52000.0,47500.0
2020-06-30,52000.0,47500.0
2020-07-01,52000.0,45000.0
2020-07-02,52000.0,45000.0
2020-07-03,52000.0,45000.0
2020-07-06,52000.0,45000.0
2020-07-07,47000.0,45000.0
2020-07-08,47000.0,40000.0
2020-07-09,47000.0,40000.0
2020-07-10,47000.0,40000.0
2020-07-13,47000.0,40000.0
2020-07-14,40000.0,40000.0
2020-07-15,40000.0,40000.0
2020-07-16,40000.0,40000.0
2020-07-17,40000.0,38000.0
2020-07-20,40000.0,38000.0
2020-07-21,40000.0,38000.0
2020-07-22,40000.0,38000.0
2020-07-23,40000.0,38000.0
2020-07-24,40000.0,35500.0
2020-07-27,36000.0,32000.0
2020-07-28,33500.0,32000.0
2020-07-29,33500.0,32000.0
2020-07-30,33500.0,32500.0
2020-07-31,32918.23192444522,32692.097088081417
2020-08-03,33500.0,32500.0
2020-08-04,35500.0,32500.0
2020-08-05,35500.0,31000.0
2020-08-06,35500.0,31000.0
2020-08-07,35500.0,31000.0
2020-08-10,35500.0,31000.0
2020-08-11,35500.0,31000.0
2020-08-12,35500.0,31000.0
2020-08-13,35500.0,31000.0
2020-08-14,35500.0,31000.0
2020-08-17,35461.048075661776,30974.033667432945
2020-08-18,35500.0,31000.0
2020-08-19,35500.0,31000.0
2020-08-20,35106.873085219544,30737.716696348987
2020-08-21,34398.68487145605,30265.2966036646
2020-08-24,32500.0,29000.0
2020-08-25,32500.0,29000.0
2020-08-26,32500.0,29000.0
2020-08-27,32500.0,29000.0
2020-08-28,32500.0,29000.0
2020-08-31,32500.0,30000.0
2020-09-01,32500.0,30000.0
2020-09-02,32500.0,30000.0
2020-09-03,30000.0,30000.0
2020-09-04,30000.0,30000.0
2020-09-07,27500.0,30000.0
2020-09-08,27500.0,30000.0
2020-09-09,27500.0,30000.0
2020-09-10,27500.0,30000.0
2020-09-11,27500.0,30000.0
2020-09-14,27500.0,30000.0
2020-09-15,27500.0,30000.0
2020-09-16,27500.0,30000.0
2020-09-17,26000.0,30000.0
2020-09-18,26000.0,30000.0
2020-09-21,26000.0,30000.0
2020-09-22,26000.0,30000.0
2020-09-23,26000.0,30000.0
2020-09-24,26000.0,29000.0
2020-09-25,26000.0,29000.0
2020-09-28,26000.0,29000.0
2020-09-29,26000.0,29000.0
2020-09-30,26000.0,29000.0
2020-10-01,26000.0,29000.0
2020-10-02,26000.0,29000.0
2020-10-05,28500.0,31000.0
2020-10-06,28500.0,31000.0
2020-10-07,28500.0,32000.0
2020-10-08,28500.0,32000.0
2020-10-09,28500.0,32000.0
2020-10-12,32500.0,33000.0
2020-10-13,32500.0,33000.0
2020-10-14,32500.0,33000.0
2020-10-15,39000.0,38000.0
2020-10-16,39000.0,38000.0
2020-10-19,39000.0,38000.0
2020-10-20,39000.0,38000.0
2020-10-21,39000.0,38000.0
2020-10-22,36500.0,38000.0
2020-10-23,36500.0,38000.0
2020-10-26,36500.0,38000.0
2020-10-27,32500.0,38000.0
2020-10-28,29826.22708008656,38056.88255128216
2020-10-29,28995.107660214067,38149.266525805586
2020-10-30,29426.78349132586,38233.461090754696
2020-11-02,32500.0,38000.0
2020-11-03,32500.0,38000.0
2020-11-04,32500.0,39000.0
2020-11-05,32500.0,39000.0
2020-11-06,32500.0,39000.0
2020-11-09,38500.0,39000.0
2020-11-10,41000.0,39000.0
2020-11-11,41000.0,39000.0
2020-11-12,41000.0,39000.0
2020-11-13,41000.0,39000.0
2020-11-16,41000.0,39000.0
2020-11-17,41000.0,39000.0
2020-11-18,41000.0,39000.0
2020-11-19,41000.0,39000.0
2020-11-20,41000.0,39000.0
2020-11-23,41000.0,39000.0
2020-11-24,41000.0,39000.0
2020-11-25,41000.0,39000.0
2020-11-26,41000.0,39000.0
2020-11-27,40000.0,39000.0
2020-11-30,40000.0,39000.0
2020-12-01,40000.0,39000.0
2020-12-02,40000.0,39000.0
2020-12-03,40000.0,39000.0
2020-12-04,40000.0,39000.0
2020-12-07,40000.0,39000.0
2020-12-08,40000.0,39000.0
2020-12-09,40004.379784639066,38974.19498085814
2020-12-10,40000.0,39000.0
2020-12-11,40000.0,39000.0
2020-12-14,40000.0,37000.0
2020-12-15,40000.0,37000.0
2020-12-16,40000.0,37000.0
2020-12-17,35500.0,37000.0
2020-12-18,35500.0,37000.0
2020-12-21,35500.0,33500.0
2020-12-22,33500.0,33500.0
2020-12-23,35500.0,33500.0
2020-12-24,37162.961030461905,33696.15820452051
2020-12-25,37448.653109299805,34031.29399617842
2020-12-28,35500.0,33500.0
2020-12-29,35500.0,32500.0
2020-12-30,35500.0,32500.0
2020-12-31,35046.26214579517,32422.832640009976
2021-01-01,34263.677532754096,32107.944379717334
2021-01-04,32500.0,32500.0
2021-01-05,32500.0,33500.0
2021-01-06,32500.0,33500.0
2021-01-07,35500.0,33500.0
2021-01-08,35500.0,33500.0
2021-01-11,35500.0,33500.0
2021-01-12,35500.0,33500.0
2021-01-13,33500.0,33500.0
2021-01-14,33500.0,33500.0
2021-01-15,33500.0,33500.0
2021-01-18,33500.0,33500.0
2021-01-19,33500.0,33500.0
2021-01-20,33500.0,33500.0
2021-01-21,33500.0,33500.0
2021-01-22,33500.0,33500.0
2021-01-25,32500.0,33500.0
2021-01-26,32500.0,33500.0
2021-01-27,32500.0,33500.0
2021-01-28,32500.0,33500.0
2021-01-29,32500.0,33500.0
2021-02-01,33500.0,33500.0
2021-02-02,33500.0,33500.0
2021-02-03,33500.0,33500.0
2021-02-04,33500.0,33500.0
2021-02-05,33500.0,33500.0
2021-02-08,33500.0,33500.0
2021-02-09,33500.0,33500.0
2021-02-10,33500.0,33500.0
2021-02-11,33500.0,34500.0
2021-02-12,34143.420071656255,35542.565411903146
2021-02-15,37000.0,37000.0
2021-02-16,37000.0,37000.0
2021-02-17,37000.0,37000.0
2021-02-18,37000.0,37000.0
2021-02-19,37000.0,37000.0
2021-02-22,47500.0,37000.0
2021-02-23,47500.0,37000.0
2021-02-24,47500.0,37000.0
2021-02-25,45000.0,37000.0
2021-02-26,45000.0,37000.0
2021-03-01,42500.0,40000.0
2021-03-02,42500.0,40000.0
2021-03-03,42500.0,40000.0
2021-03-04,42500.0,40000.0
2021-03-05,42500.0,40000.0
2021-03-08,42500.0,40000.0
2021-03-09,42500.0,40000.0
2021-03-10,42500.0,40000.0
2021-03-11,42638.910624167605,40103.20460917977
2021-03-12,42500.0,40000.0
2021-03-15,40000.0,38000.0
2021-03-16,40000.0,38000.0
2021-03-17,40000.0,38500.0
2021-03-18,40000.0,38500.0
2021-03-19,40000.0,38500.0
2021-03-22,40000.0,38500.0
2021-03-23,40000.0,38500.0
2021-03-24,40000.0,39000.0
2021-03-25,40000.0,39000.0
2021-03-26,40000.0,39000.0
2021-03-29,42500.0,39000.0
2021-03-30,42500.0,39000.0
2021-03-31,42500.0,39000.0
2021-04-01,40000.0,39000.0
2021-04-02,38541.89428187378,39000.948073989464
2021-04-05,40000.0,39000.0
2021-04-06,40000.0,39000.0
2021-04-07,40000.0,39000.0
2021-04-08,40000.0,39000.0
2021-04-09,40000.0,39000.0
2021-04-12,40000.0,35500.0
2021-04-13,40000.0,35500.0
2021-04-14,40000.0,35500.0
2021-04-15,40000.0,35500.0
2021-04-16,40000.0,35500.0
2021-04-19,38000.0,35500.0
2021-04-20,38000.0,35500.0
2021-04-21,38000.0,35500.0
2021-04-22,38000.0,35500.0
2021-04-23,38000.0,35500.0
2021-04-26,38000.0,35500.0
2021-04-27,38000.0,35500.0
2021-04-28,38000.0,35500.0
2021-04-29,35500.0,35500.0
2021-04-30,35500.0,35500.0
2021-05-03,38000.0,35500.0
2021-05-04,38000.0,35500.0
2021-05-05,40000.0,35500.0
2021-05-06,40000.0,35500.0
2021-05-07,40000.0,35500.0
2021-05-10,40000.0,38000.0
2021-05-11,36000.0,38000.0
2021-05-12,33690.01945422624,37900.30672976646
2021-05-13,33579.16919303921,37869.35088232087
2021-05-14,34911.095666730995,37885.487371642324
2021-05-17,40000.0,38000.0
2021-05-18,40000.0,38000.0
2021-05-19,40000.0,38000.0
2021-05-20,40000.0,38000.0
2021-05-21,40000.0,38000.0
2021-05-24,40000.0,38000.0
2021-05-25,40000.0,38000.0
2021-05-26,39988.6232621118,38019.96774240882
2021-05-27,40000.0,38000.0
2021-05-28,40000.0,38000.0
2021-05-31,40000.0,38000.0
2021-06-01,40822.846688922116,36187.33551086619
2021-06-02,40000.0,35000.0
2021-06-03,37000.0,35000.0
2021-06-04,37000.0,32500.0
2021-06-07,40000.0,32500.0
2021-06-08,40000.0,32500.0
2021-06-09,35500.0,32500.0
2021-06-10,35500.0,32500.0
2021-06-11,35500.0,32500.0
2021-06-14,35500.0,32500.0
2021-06-15,33500.0,32500.0
2021-06-16,33500.0,32500.0
2021-06-17,33500.0,32500.0
2021-06-18,33500.0,32500.0
2021-06-21,33500.0,35500.0
2021-06-22,33500.0,35500.0
2021-06-23,36500.0,35500.0
2021-06-24,36500.0,35500.0
2021-06-25,36500.0,35500.0
2021-06-28,36500.0,35500.0
2021-06-29,36500.0,35500.0
2021-06-30,36500.0,35500.0
2021-07-01,36500.0,35500.0
2021-07-02,36500.0,35500.0
2021-07-05,36500.0,35500.0
2021-07-06,36500.0,35500.0
2021-07-07,36500.0,35500.0
2021-07-08,36500.0,35500.0
2021-07-09,36500.0,35500.0
2021-07-12,36500.0,35500.0
2021-07-13,36500.0,35500.0
2021-07-14,37500.0,35500.0
2021-07-15,39000.0,35500.0
2021-07-16,39000.0,35500.0
2021-07-19,42500.0,39000.0
2021-07-20,42713.98281133669,39744.145776055935
2021-07-21,42500.0,40000.0
2021-07-22,42500.0,40000.0
2021-07-23,42500.0,40000.0
2021-07-26,42500.0,40000.0
2021-07-27,42500.0,40000.0
2021-07-28,42500.0,40000.0
2021-07-29,42500.0,40000.0
2021-07-30,42500.0,40000.0
2021-08-02,42500.0,40000.0
2021-08-03,42500.0,40000.0
2021-08-04,42500.0,40000.0
2021-08-05,42500.0,40000.0
2021-08-06,42500.0,40000.0
2021-08-09,42500.0,38000.0
2021-08-10,40000.0,38000.0
2021-08-11,39440.42423103841,36754.97490072518
2021-08-12,40000.0,35500.0
2021-08-13,40000.0,35500.0
2021-08-16,39000.0,32500.0
2021-08-17,38963.00574854147,30944.597393269938
2021-08-18,39000.0,30000.0
2021-08-19,39000.0,30000.0
2021-08-20,39000.0,30000.0
2021-08-23,36500.0,30000.0
2021-08-24,36500.0,30000.0
2021-08-25,36500.0,30000.0
2021-08-26,36500.0,30000.0
2021-08-27,33500.0,30000.0
2021-08-30,33500.0,30000.0
2021-08-31,33500.0,30000.0
2021-09-01,33500.0,30000.0
2021-09-02,33500.0,30000.0
2021-09-03,33500.0,30000.0
2021-09-06,33500.0,30000.0
2021-09-07,33500.0,30000.0
2021-09-08,33500.0,30000.0
2021-09-09,33500.0,30000.0
2021-09-10,33500.0,30000.0
2021-09-13,31000.0,30000.0
2021-09-14,31000.0,30000.0
2021-09-15,31000.0,30000.0
2021-09-16,31000.0,30000.0
2021-09-17,31000.0,30000.0
2021-09-20,31000.0,30000.0
2021-09-21,31000.0,30000.0
2021-09-22,31000.0,30000.0
2021-09-23,31000.0,30000.0
2021-09-24,31000.0,30000.0
2021-09-27,31000.0,30000.0
2021-09-28,31000.0,30000.0
2021-09-29,31000.0,30000.0
2021-09-30,31000.0,30000.0
2021-10-01,31000.0,30000.0
2021-10-04,31000.0,30000.0
2021-10-05,31000.0,30000.0
2021-10-06,31000.0,30000.0
2021-10-07,31000.0,30000.0
2021-10-08,31000.0,30000.0
2021-10-11,32000.0,30000.0
2021-10-12,32000.0,30000.0
2021-10-13,32000.0,30000.0
2021-10-14,32000.0,30000.0
2021-10-15,32000.0,30000.0
2021-10-18,32000.0,30000.0
2021-10-19,32000.0,30000.0
2021-10-20,32000.081856126628,30000.027273712334
2021-10-21,32000.0,30000.0
2021-10-22,32000.0,30000.0
2021-10-25,32000.0,30000.0
2021-10-26,32000.0,30000.0
2021-10-27,32000.0,30000.0
2021-10-28,32000.0,30000.0
2021-10-29,32000.0,30000.0
2021-11-01,27000.0,28000.0
2021-11-02,27000.0,28000.0
2021-11-03,27000.0,28000.0
2021-11-04,27000.0,28000.0
2021-11-05,27000.0,28000.0
2021-11-08,30000.0,28000.0
2021-11-09,30000.0,28000.0
2021-11-10,30000.0,28000.0
2021-11-11,30000.0,25500.0
2021-11-12,30000.0,25500.0
2021-11-15,30000.0,25500.0
2021-11-16,30000.0,25500.0
2021-11-17,30000.0,25500.0
2021-11-18,30000.0,25500.0
2021-11-19,30000.0,25500.0
2021-11-22,29000.0,25500.0
2021-11-23,29000.0,25500.0
2021-11-24,29000.0,25500.0
2021-11-25,29000.0,25500.0
2021-11-26,29000.0,25500.0
2021-11-29,29000.0,24500.0
2021-11-30,29000.0,24500.0
2021-12-01,29000.0,24500.0
2021-12-02,29000.0,24500.0
2021-12-03,29000.0,24500.0
2021-12-06,29000.0,24500.0
2021-12-07,29000.0,24500.0
2021-12-08,29000.0,24500.0
2021-12-09,29000.0,24500.0
2021-12-10,29000.0,24500.0
2021-12-13,31000.0,26500.0
2021-12-14,31000.0,26500.0
2021-12-15,31000.0,26500.0
2021-12-16,31000.0,30000.0
2021-12-17,31074.159267544084,33333.72615641821
2021-12-20,31758.623104948227,36679.732581140546
2021-12-21,32074.523090174167,36208.74895949686
2021-12-22,32401.170775696013,35260.641582057426
2021-12-23,32718.691169863945,34025.031924310126
2021-12-24,33007.20928102813,32691.541461742836
2021-12-27,33500.0,30000.0
2021-12-28,33500.0,30000.0
2021-12-29,33500.0,30000.0
2021-12-30,33500.0,30000.0
2021-12-31,33500.0,30000.0
2022-01-03,33500.0,30000.0
2022-01-04,33500.0,30000.0
2022-01-05,33500.0,30000.0
2022-01-06,33500.0,30000.0
2022-01-07,33500.0,30000.0
2022-01-10,33500.0,30000.0
2022-01-11,33500.0,30000.0
2022-01-12,33500.0,30000.0
2022-01-13,33500.0,30000.0
2022-01-14,33500.0,30000.0
2022-01-17,32000.0,30000.0
2022-01-18,32000.0,30000.0
2022-01-19,32000.0,30000.0
2022-01-20,32000.0,30000.0
2022-01-21,32000.0,30000.0
2022-01-24,32000.0,30000.0
2022-01-25,32000.0,30000.0
2022-01-26,32000.0,30000.0
2022-01-27,32000.0,30000.0
2022-01-28,32000.0,30000.0
2022-01-31,33000.0,30000.0
2022-02-01,33862.67932667106,30013.03851979989
2022-02-02,34500.0,30000.0
2022-02-03,34500.0,30000.0
2022-02-04,34500.0,30000.0
2022-02-07,39000.0,30000.0
2022-02-08,39000.0,33000.0
2022-02-09,39000.0,33000.0
2022-02-10,39000.0,35500.0
2022-02-11,40000.0,35500.0
2022-02-14,40000.0,38500.0
2022-02-15,40000.0,38500.0
2022-02-16,40000.0,41000.0
2022-02-17,40000.0,41000.0
2022-02-18,40000.0,41000.0
2022-02-21,40000.0,41000.0
2022-02-22,40000.0,41000.0
2022-02-23,40000.0,41000.0
2022-02-24,46000.0,41000.0
2022-02-25,46000.0,41000.0
2022-02-28,45594.85463199088,40949.81136715348
2022-03-01,46000.0,41000.0
2022-03-02,46000.0,41000.0
2022-03-03,45978.58666551099,40546.22910508233
2022-03-04,46000.0,40000.0
2022-03-07,46000.0,40000.0
2022-03-08,46000.0,40000.0
2022-03-09,46000.0,40000.0
2022-03-10,46000.0,40000.0
2022-03-11,46000.0,40000.0
2022-03-14,46000.0,40000.0
2022-03-15,46000.0,40000.0
2022-03-16,46000.0,40000.0
2022-03-17,43500.0,38000.0
2022-03-18,43500.0,38000.0
2022-03-21,43500.0,35500.0
2022-03-22,43500.0,35500.0
2022-03-23,41500.0,35500.0
2022-03-24,41500.0,35500.0
2022-03-25,40000.0,35500.0
2022-03-28,40000.0,35500.0
2022-03-29,40000.0,35500.0
2022-03-30,40000.0,35500.0
2022-03-31,40000.0,35500.0
2022-04-01,40000.0,35500.0
2022-04-04,40000.0,35500.0
2022-04-05,40000.0,35500.0
2022-04-06,40000.0,35500.0
2022-04-07,40000.0,35500.0
2022-04-08,40000.0,35500.0
2022-04-11,40000.0,35500.0
2022-04-12,40000.0,38000.0
2022-04-13,40000.0,38000.0
2022-04-14,40000.0,38000.0
2022-04-15,40075.966495551176,38091.315258485425
2022-04-18,40000.0,38000.0
2022-04-19,40000.0,38000.0
2022-04-20,41000.0,38000.0
2022-04-21,41000.0,38000.0
2022-04-22,43500.0,38000.0
2022-04-25,49000.0,40000.0
2022-04-26,49000.0,42500.0
2022-04-27,49000.0,42500.0
2022-04-28,49000.0,42500.0
2022-04-29,48989.83489234447,42642.63073472073
2022-05-02,48977.25175031881,42785.6216304522
2022-05-03,48977.66760811097,42765.40016592528
2022-05-04,48979.70834088037,42724.777156366064
2022-05-05,48982.96580207311,42671.87720368639
2022-05-06,48987.031845135316,42614.82490979809
2022-05-09,49000.0,42500.0
2022-05-10,49000.0,42500.0
2022-05-11,49000.0,42500.0
2022-05-12,49000.0,42500.0
2022-05-13,49000.0,42500.0
2022-05-16,52858.289740120075,44308.899888273736
2022-05-17,54000.0,46500.0
2022-05-18,54000.0,49000.0
2022-05-19,54000.0,49000.0
2022-05-20,60000.0,49000.0
2022-05-23,60000.0,49000.0
2022-05-24,60000.0,49000.0
2022-05-25,60000.0,49000.0
2022-05-26,59975.50605435372,48999.28506226644
2022-05-27,60000.0,49000.0
2022-05-30,60000.0,49000.0
2022-05-31,60000.0,49000.0
2022-06-01,59997.82717668649,49008.35979283522
2022-06-02,60000.0,49000.0
2022-06-03,60000.0,49000.0
2022-06-06,60000.0,50000.0
2022-06-07,60000.0,50000.0
2022-06-08,60000.0,50000.0
2022-06-09,62500.0,55000.0
2022-06-10,62500.0,56500.0
2022-06-13,67500.0,59000.0
2022-06-14,67500.0,59000.0
2022-06-15,67500.0,59000.0
2022-06-16,67500.0,59000.0
2022-06-17,67500.0,59000.0
2022-06-20,67500.0,60000.0
2022-06-21,67500.0,60000.0
2022-06-22,67500.0,60000.0
2022-06-23,67500.0,60000.0
2022-06-24,67500.0,60000.0
2022-06-27,67500.0,60000.0
2022-06-28,67500.0,60000.0
2022-06-29,67500.0,60000.0
2022-06-30,67500.0,60000.0
2022-07-01,70000.0,60000.0
2022-07-04,70000.0,70000.0
2022-07-05,70000.0,70000.0
2022-07-06,75000.0,70000.0
2022-07-07,75000.0,70000.0
2022-07-08,75000.0,70000.0
2022-07-11,75000.0,69000.0
2022-07-12,75000.0,69000.0
2022-07-13,75000.0,69000.0
2022-07-14,75000.0,69000.0
2022-07-15,75000.0,69000.0
2022-07-18,75000.0,69000.0
2022-07-19,75000.0,69000.0
2022-07-20,75000.0,69000.0
2022-07-21,75000.0,65000.0
2022-07-22,75000.0,60000.0
2022-07-25,60000.0,50000.0
2022-07-26,60000.0,50000.0
2022-07-27,60000.0,50000.0
2022-07-28,60000.0,47500.0
2022-07-29,60000.0,47500.0
2022-08-01,55000.0,47500.0
2022-08-02,55000.0,45000.0
2022-08-03,55000.0,45000.0
2022-08-04,55000.0,40000.0
2022-08-05,55000.0,40000.0
2022-08-08,55000.0,40000.0
2022-08-09,55000.0,40000.0
2022-08-10,50000.0,40000.0
2022-08-11,50000.0,40000.0
2022-08-12,50000.0,40000.0
2022-08-15,45000.0,40000.0
2022-08-16,45000.0,36000.0
2022-08-17,45058.588181344145,35143.64360568191
2022-08-18,45000.0,36000.0
2022-08-19,45000.0,36000.0
2022-08-22,45000.0,37500.0
2022-08-23,45000.0,37500.0
2022-08-24,45000.0,37500.0
2022-08-25,45000.0,37500.0
2022-08-26,40000.0,37500.0
2022-08-29,40000.0,37500.0
2022-08-30,40000.0,37500.0
2022-08-31,40000.0,37500.0
2022-09-01,40000.0,37500.0
2022-09-02,40000.0,37500.0
2022-09-05,40000.0,37500.0
2022-09-06,40000.0,37500.0
2022-09-07,40000.0,37500.0
2022-09-08,40000.0,37500.0
2022-09-09,40000.0,37500.0
2022-09-12,40000.0,37500.0
2022-09-13,40000.0,37500.0
2022-09-14,40000.0,37500.0
2022-09-15,40000.0,37500.0
2022-09-16,40000.0,37500.0
2022-09-19,40000.0,37500.0
2022-09-20,40000.0,37500.0
2022-09-21,40000.0,37500.0
2022-09-22,40000.0,37500.0
2022-09-23,38000.0,37500.0
2022-09-26,38000.0,37500.0
2022-09-27,38000.0,37500.0
2022-09-28,38000.0,37500.0
2022-09-29,38000.0,37500.0
2022-09-30,38000.0,37500.0
2022-10-03,38000.0,37500.0
2022-10-04,38000.0,37500.0
2022-10-05,38000.0,37500.0
2022-10-06,40000.0,37500.0
2022-10-07,40000.0,37500.0
2022-10-10,40000.0,37500.0
2022-10-11,40000.0,37500.0
2022-10-12,40000.0,37500.0
2022-10-13,40000.0,37500.0
2022-10-14,40000.0,37500.0
2022-10-17,40000.0,37500.0
2022-10-18,40000.0,37500.0
2022-10-19,40000.0,37500.0
2022-10-20,40000.0,37500.0
2022-10-21,40000.0,37500.0
2022-10-24,40000.0,37500.0
2022-10-25,40000.0,37500.0
2022-10-26,40000.0,37500.0
2022-10-27,40000.0,37500.0
2022-10-28,40000.0,37500.0
2022-10-31,42500.0,37500.0
2022-11-01,42500.0,37500.0
2022-11-02,42500.0,37500.0
2022-11-03,42500.0,37500.0
2022-11-04,42500.0,37500.0
2022-11-07,42500.0,37500.0
2022-11-08,42500.0,37500.0
2022-11-09,42500.0,37500.0
2022-11-10,42500.0,37500.0
2022-11-11,42500.0,37500.0
2022-11-14,42500.0,37500.0
2022-11-15,40000.0,37500.0
2022-11-16,40000.0,37500.0
2022-11-17,40000.0,37500.0
2022-11-18,40000.0,37500.0
2022-11-21,40000.0,37500.0
2022-11-22,40000.0,37500.0
2022-11-23,40000.0,37500.0
2022-11-24,40000.0,37500.0
2022-11-25,40000.0,37500.0
2022-11-28,40000.0,37500.0
2022-11-29,40000.0,37500.0
2022-11-30,40000.0,39000.0
2022-12-01,40000.0,39000.0
2022-12-02,40000.0,39000.0
2022-12-05,40000.0,39000.0
2022-12-06,40000.0,39000.0
2022-12-07,40000.0,39000.0
2022-12-08,40000.0,39000.0
2022-12-09,40000.0,39000.0
2022-12-12,40000.0,39000.0
2022-12-13,40000.0,39000.0
2022-12-14,40000.0,39000.0
2022-12-15,40000.0,39000.0
2022-12-16,40000.0,39000.0
2022-12-19,40000.0,39000.0
2022-12-20,40000.0,39000.0
2022-12-21,40000.0,39000.0
2022-12-22,40000.0,39000.0
2022-12-23,40000.0,39000.0
2022-12-26,40000.0,39000.0
2022-12-27,40000.0,39000.0
2022-12-28,40000.0,39000.0
2022-12-29,40000.0,39000.0
2022-12-30,40000.0,39000.0
2023-01-02,40000.0,39000.0
2023-01-03,40000.0,40000.0
2023-01-04,40000.0,40000.0
2023-01-05,46000.0,40000.0
2023-01-06,46000.0,40000.0
2023-01-09,46000.0,45000.0
2023-01-10,46000.0,45000.0
2023-01-11,46000.0,45000.0
2023-01-12,46000.0,45000.0
2023-01-13,46000.0,45000.0
2023-01-16,46000.0,45000.0
2023-01-17,46000.0,45000.0
2023-01-18,46000.0,45000.0
2023-01-19,46000.0,45000.0
2023-01-20,46000.0,45000.0
2023-01-23,49541.73011125457,44996.75702081499
2023-01-24,50500.0,45000.0
2023-01-25,50500.0,45000.0
2023-01-26,50500.0,45000.0
2023-01-27,54000.0,45000.0
2023-01-30,54000.0,43500.0
2023-01-31,54000.0,43500.0
2023-02-01,54000.0,43500.0
2023-02-02,54000.0,43500.0
2023-02-03,54000.0,43500.0
2023-02-06,54000.0,49000.0
2023-02-07,54000.0,49000.0
2023-02-08,54000.0,49000.0
2023-02-09,55000.0,49000.0
2023-02-10,55000.0,49000.0
2023-02-13,50000.0,49000.0
2023-02-14,50000.0,49000.0
2023-02-15,50000.0,49000.0
2023-02-16,50000.0,49000.0
2023-02-17,50000.0,49000.0
2023-02-20,49000.0,47500.0
2023-02-21,49000.0,47500.0
2023-02-22,49000.0,47500.0
2023-02-23,44000.0,47500.0
2023-02-24,44000.0,47500.0
2023-02-27,40000.0,45000.0
2023-02-28,40000.0,45000.0
2023-03-01,40000.0,40000.0
2023-03-02,40000.0,40000.0
2023-03-03,45000.0,40000.0
2023-03-06,45000.0,39000.0
2023-03-07,45000.0,39000.0
2023-03-08,42500.0,39000.0
2023-03-09,42500.0,39000.0
2023-03-10,42500.0,39000.0
2023-03-13,42500.0,39000.0
2023-03-14,42500.0,39000.0
2023-03-15,42500.0,40000.0
2023-03-16,42500.0,39000.0
2023-03-17,42500.0,39000.0
2023-03-20,40000.0,39000.0
2023-03-21,40000.0,39000.0
2023-03-22,40062.65130158913,39008.942181842176
2023-03-23,40042.22533043621,39005.93952601493
2023-03-24,40000.0,39000.0
2023-03-27,40000.0,39000.0
2023-03-28,40000.0,39000.0
2023-03-29,40000.0,39000.0
2023-03-30,40000.0,39000.0
2023-03-31,40000.0,39000.0
2023-04-03,42500.0,38000.0
2023-04-04,42500.0,38000.0
2023-04-05,40000.0,38000.0
2023-04-06,40000.0,38000.0
2023-04-07,40841.4339165387,38002.64915848531
2023-04-10,42500.0,38000.0
2023-04-11,42500.0,38000.0
2023-04-12,42500.0,38000.0
2023-04-13,42500.0,38000.0
2023-04-14,42500.0,38000.0
2023-04-17,45000.0,40000.0
2023-04-18,45000.0,44500.0
2023-04-19,45267.23549477635,47521.75768241784
2023-04-20,45964.876488997514,48527.384483185466
2023-04-21,46955.615162258735,48093.26617421116
2023-04-24,50313.33905223541,43916.298307919315
2023-04-25,51103.39023760952,43487.05727905996
2023-04-26,51500.0,44500.0
2023-04-27,51500.0,46500.0
2023-04-28,51500.0,46500.0
2023-05-01,51504.342390185135,45218.32278852515
2023-05-02,51500.0,44000.0
2023-05-03,51500.0,42500.0
2023-05-04,51500.0,42500.0
2023-05-05,51500.0,42500.0
2023-05-08,51500.0,42500.0
2023-05-09,51500.0,42500.0
2023-05-10,51500.0,42500.0
2023-05-11,51500.0,42500.0
2023-05-12,51500.0,42500.0
2023-05-15,52500.0,44000.0
2023-05-16,52500.0,44000.0
2023-05-17,51500.0,44000.0
2023-05-18,51171.883890599536,44021.45798246261
2023-05-19,51500.0,44000.0
2023-05-22,52500.0,44000.0
2023-05-23,52500.0,44000.0
2023-05-24,52500.0,43000.0
2023-05-25,52500.0,43000.0
2023-05-26,52500.0,43000.0
2023-05-29,52500.0,40000.0
2023-05-30,52500.0,40000.0
2023-05-31,52500.0,42000.0
2023-06-01,52500.0,42000.0
2023-06-02,52500.0,42000.0
2023-06-05,50000.0,42000.0
2023-06-06,50000.0,42000.0
2023-06-07,50000.0,42000.0
2023-06-08,50000.0,42000.0
2023-06-09,50000.0,44000.0
2023-06-12,50000.0,44000.0
2023-06-13,50000.0,44000.0
2023-06-14,50000.0,44000.0
2023-06-15,52500.0,42500.0
2023-06-16,50000.0,42500.0
2023-06-19,50000.0,42500.0
2023-06-20,50000.0,42500.0
2023-06-21,50000.0,42500.0
2023-06-22,50000.0,42000.0
2023-06-23,50000.0,42000.0
2023-06-26,50000.0,42000.0
2023-06-27,50000.0,42000.0
2023-06-28,49759.26816894842,42006.079790736025
2023-06-29,49305.56697287465,42008.52060692307
2023-06-30,48745.84298486082,42008.22774225206
2023-07-03,47500.0,42000.0
2023-07-04,47500.0,42000.0
2023-07-05,47500.0,42000.0
2023-07-06,47500.0,42000.0
2023-07-07,47500.0,42000.0
2023-07-10,47500.0,40000.0
2023-07-11,47500.0,40000.0
2023-07-12,47500.0,40000.0
2023-07-13,47500.0,40000.0
2023-07-14,40000.0,40000.0
2023-07-17,40000.0,38000.0
2023-07-18,40000.0,38000.0
2023-07-19,38646.98824687734,37991.93565960529
2023-07-20,37500.0,38000.0
2023-07-21,37500.0,38000.0
2023-07-24,37500.0,35000.0
2023-07-25,37500.0,35000.0
2023-07-26,37500.0,35000.0
2023-07-27,37500.0,30000.0
2023-07-28,37500.0,30000.0
2023-07-31,32500.0,30000.0
2023-08-01,32500.0,30000.0
2023-08-02,32500.0,30000.0
2023-08-03,35000.0,30000.0
2023-08-04,35000.0,30000.0
2023-08-07,35000.0,30000.0
2023-08-08,35000.0,30000.0
2023-08-09,35000.0,30000.0
2023-08-10,32500.0,30000.0
2023-08-11,32500.0,30000.0
2023-08-14,32500.0,30000.0
2023-08-15,32500.0,30000.0
2023-08-16,32500.0,30000.0
2023-08-17,32497.211768446952,29944.424232659345
2023-08-18,32500.0,30000.0
2023-08-21,32500.0,31000.0
2023-08-22,32500.0,31000.0
2023-08-23,32500.0,31000.0
2023-08-24,32500.0,31000.0
2023-08-25,32500.0,31000.0
2023-08-28,32500.0,31000.0
2023-08-29,32500.0,31000.0
2023-08-30,30000.0,30000.0
2023-08-31,30000.0,30000.0
2023-09-01,30000.0,30000.0
2023-09-04,30000.0,30000.0
2023-09-05,30000.0,30000.0
2023-09-06,30000.0,30000.0
2023-09-07,27500.0,30000.0
2023-09-08,27500.0,30000.0
2023-09-11,27500.0,30000.0
2023-09-12,27500.0,30000.0
2023-09-13,27500.0,30000.0
2023-09-14,27500.0,30000.0
2023-09-15,27500.0,30000.0
2023-09-18,27500.0,30000.0
2023-09-19,27500.0,30000.0
2023-09-20,27500.0,30000.0
2023-09-21,27500.0,27500.0
2023-09-22,27500.0,27500.0
2023-09-25,27500.0,27500.0
2023-09-26,27500.0,27500.0
2023-09-27,27500.0,27500.0
2023-09-28,27499.99999694631,27497.256413452455
2023-09-29,27500.0,27500.0
2023-10-02,27500.0,27500.0
2023-10-03,27500.0,27500.0
2023-10-04,27500.0,27500.0
2023-10-05,27500.0,27500.0
2023-10-06,27500.0,27500.0
2023-10-09,27500.0,27500.0
2023-10-10,27500.0,27500.0
2023-10-11,27500.0,27500.0
2023-10-12,27500.0,27500.0
2023-10-13,27500.0,27500.0
2023-10-16,27500.0,27500.0
2023-10-17,27500.0,27500.0
2023-10-18,27500.0,27500.0
2023-10-19,27500.0,27500.0
2023-10-20,27500.0,27500.0
2023-10-23,27500.0,27500.0
2023-10-24,27500.0,27500.0
2023-10-25,27500.0,27500.0
2023-10-26,27500.0,29000.0
2023-10-27,27500.0,29000.0
2023-10-30,27500.0,29000.0
2023-10-31,27500.0,29000.0
2023-11-01,27500.0,29000.0
2023-11-02,27500.0,29000.0
2023-11-03,30000.0,29000.0
2023-11-06,30000.0,36000.0
2023-11-07,35500.0,36000.0
2023-11-08,35500.0,36000.0
2023-11-09,35500.0,36000.0
2023-11-10,35500.0,36000.0
2023-11-13,38000.0,36000.0
2023-11-14,38000.0,36000.0
2023-11-15,38000.0,36000.0
2023-11-16,38000.0,37000.0
2023-11-17,38000.0,37000.0
2023-11-20,38000.0,37000.0
2023-11-21,38000.0,37000.0
2023-11-22,38000.0,37000.0
2023-11-23,40000.0,37000.0
2023-11-24,40000.0,37000.0
2023-11-27,40000.0,37000.0
2023-11-28,40000.0,37000.0
2023-11-29,40000.0,37000.0
2023-11-30,40000.0,37000.0
2023-12-01,40000.0,37000.0
2023-12-04,40000.0,37000.0
2023-12-05,40000.0,37000.0
2023-12-06,40000.0,37000.0
2023-12-07,40000.0,38000.0
2023-12-08,40000.0,38000.0
2023-12-11,40000.0,38000.0
2023-12-12,40000.0,38000.0
2023-12-13,40000.0,38000.0
2023-12-14,40000.0,38000.0
2023-12-15,40000.0,38000.0
2023-12-18,42500.0,38000.0
2023-12-19,42500.0,38000.0
2023-12-20,42500.0,38000.0
2023-12-21,42500.0,40000.0
2023-12-22,42500.0,40000.0
2023-12-25,45655.409794906765,39690.338261002486
2023-12-26,46836.30400700731,39873.320197682835
2023-12-27,47500.0,40000.0
2023-12-28,47500.0,40000.0
2023-12-29,47500.0,40000.0
